Feature,Importance
balanceDiffOrig,0.30663676529922046
amountToOldBalanceRatio,0.2819507841111043
newbalanceOrig,0.10116490065880744
oldbalanceOrg,0.08391986884770608
amount,0.05749010924256404
type_TRANSFER,0.03724260140069338
balanceDiffDest,0.0351705278883957
type_PAYMENT,0.03150560004918989
newbalanceDest,0.022417767312556423
type_CASH_OUT,0.018401870830758275
step,0.01759856890602173
oldbalanceDest,0.006448582302799329
type_DEBIT,5.205315018313431e-05
